<?xml version="1.0" encoding="UTF-8" standalone="no"?>
<map>
     <baris>8</baris>
     <kolom>8</kolom>
     <level>8</level>
     <matrix>
          <el idx="0">s</el>
          <el idx="1">p</el>
          <el idx="2">p</el>
          <el idx="3">p</el>
          <el idx="4">p</el>
          <el idx="5">p</el>
          <el idx="6">p</el>
          <el idx="7">p</el>
          <el idx="8">p</el>
          <el idx="9">w</el>
          <el idx="10">w</el>
          <el idx="11">p</el>
          <el idx="12">w</el>
          <el idx="13">w</el>
          <el idx="14">w</el>
          <el idx="15">w</el>
          <el idx="16">p</el>
          <el idx="17">w</el>
          <el idx="18">w</el>
          <el idx="19">p</el>
          <el idx="20">w</el>
          <el idx="21">p</el>
          <el idx="22">p</el>
          <el idx="23">p</el>
          <el idx="24">p</el>
          <el idx="25">c</el>
          <el idx="26">w</el>
          <el idx="27">p</el>
          <el idx="28">w</el>
          <el idx="29">p</el>
          <el idx="30">w</el>
          <el idx="31">p</el>
          <el idx="32">p</el>
          <el idx="33">w</el>
          <el idx="34">w</el>
          <el idx="35">p</el>
          <el idx="36">w</el>
          <el idx="37">p</el>
          <el idx="38">w</el>
          <el idx="39">p</el>
          <el idx="40">p</el>
          <el idx="41">w</el>
          <el idx="42">c</el>
          <el idx="43">p</el>
          <el idx="44">w</el>
          <el idx="45">p</el>
          <el idx="46">w</el>
          <el idx="47">p</el>
          <el idx="48">p</el>
          <el idx="49">w</el>
          <el idx="50">w</el>
          <el idx="51">w</el>
          <el idx="52">w</el>
          <el idx="53">p</el>
          <el idx="54">w</el>
          <el idx="55">t0</el>
          <el idx="56">p</el>
          <el idx="57">p</el>
          <el idx="58">p</el>
          <el idx="59">p</el>
          <el idx="60">p</el>
          <el idx="61">p</el>
          <el idx="62">p</el>
          <el idx="63">w</el>
          <el idx="64">p</el>
          <el idx="65">p</el>
          <el idx="66">p</el>
          <el idx="67">p</el>
          <el idx="68">p</el>
          <el idx="69">p</el>
          <el idx="70">p</el>
          <el idx="71">p</el>
          <el idx="72">w</el>
          <el idx="73">h</el>
          <el idx="74">w</el>
          <el idx="75">w</el>
          <el idx="76">w</el>
          <el idx="77">w</el>
          <el idx="78">w</el>
          <el idx="79">p</el>
          <el idx="80">p</el>
          <el idx="81">p</el>
          <el idx="82">p</el>
          <el idx="83">p</el>
          <el idx="84">p</el>
          <el idx="85">p</el>
          <el idx="86">w</el>
          <el idx="87">p</el>
          <el idx="88">p</el>
          <el idx="89">h</el>
          <el idx="90">p</el>
          <el idx="91">w</el>
          <el idx="92">c</el>
          <el idx="93">w</el>
          <el idx="94">w</el>
          <el idx="95">p</el>
          <el idx="96">p</el>
          <el idx="97">w</el>
          <el idx="98">p</el>
          <el idx="99">w</el>
          <el idx="100">w</el>
          <el idx="101">w</el>
          <el idx="102">w</el>
          <el idx="103">p</el>
          <el idx="104">p</el>
          <el idx="105">w</el>
          <el idx="106">p</el>
          <el idx="107">p</el>
          <el idx="108">p</el>
          <el idx="109">t2</el>
          <el idx="110">w</el>
          <el idx="111">p</el>
          <el idx="112">p</el>
          <el idx="113">w</el>
          <el idx="114">w</el>
          <el idx="115">w</el>
          <el idx="116">w</el>
          <el idx="117">w</el>
          <el idx="118">w</el>
          <el idx="119">p</el>
          <el idx="120">p</el>
          <el idx="121">p</el>
          <el idx="122">p</el>
          <el idx="123">p</el>
          <el idx="124">p</el>
          <el idx="125">p</el>
          <el idx="126">p</el>
          <el idx="127">p</el>
          <el idx="128">w</el>
          <el idx="129">h</el>
          <el idx="130">w</el>
          <el idx="131">w</el>
          <el idx="132">w</el>
          <el idx="133">w</el>
          <el idx="134">w</el>
          <el idx="135">p</el>
          <el idx="136">p</el>
          <el idx="137">p</el>
          <el idx="138">p</el>
          <el idx="139">p</el>
          <el idx="140">p</el>
          <el idx="141">c</el>
          <el idx="142">w</el>
          <el idx="143">p</el>
          <el idx="144">w</el>
          <el idx="145">p</el>
          <el idx="146">w</el>
          <el idx="147">w</el>
          <el idx="148">w</el>
          <el idx="149">w</el>
          <el idx="150">w</el>
          <el idx="151">p</el>
          <el idx="152">p</el>
          <el idx="153">p</el>
          <el idx="154">p</el>
          <el idx="155">p</el>
          <el idx="156">p</el>
          <el idx="157">p</el>
          <el idx="158">p</el>
          <el idx="159">h</el>
          <el idx="160">w</el>
          <el idx="161">p</el>
          <el idx="162">w</el>
          <el idx="163">w</el>
          <el idx="164">w</el>
          <el idx="165">w</el>
          <el idx="166">p</el>
          <el idx="167">w</el>
          <el idx="168">w</el>
          <el idx="169">p</el>
          <el idx="170">w</el>
          <el idx="171">t6</el>
          <el idx="172">p</el>
          <el idx="173">p</el>
          <el idx="174">p</el>
          <el idx="175">w</el>
          <el idx="176">w</el>
          <el idx="177">p</el>
          <el idx="178">w</el>
          <el idx="179">w</el>
          <el idx="180">w</el>
          <el idx="181">w</el>
          <el idx="182">p</el>
          <el idx="183">w</el>
          <el idx="184">w</el>
          <el idx="185">p</el>
          <el idx="186">h</el>
          <el idx="187">p</el>
          <el idx="188">p</el>
          <el idx="189">w</el>
          <el idx="190">c</el>
          <el idx="191">w</el>
          <el idx="192">c</el>
          <el idx="193">p</el>
          <el idx="194">p</el>
          <el idx="195">p</el>
          <el idx="196">p</el>
          <el idx="197">p</el>
          <el idx="198">p</el>
          <el idx="199">p</el>
          <el idx="200">w</el>
          <el idx="201">w</el>
          <el idx="202">w</el>
          <el idx="203">w</el>
          <el idx="204">w</el>
          <el idx="205">p</el>
          <el idx="206">w</el>
          <el idx="207">p</el>
          <el idx="208">c</el>
          <el idx="209">p</el>
          <el idx="210">w</el>
          <el idx="211">p</el>
          <el idx="212">p</el>
          <el idx="213">p</el>
          <el idx="214">w</el>
          <el idx="215">p</el>
          <el idx="216">w</el>
          <el idx="217">p</el>
          <el idx="218">h</el>
          <el idx="219">p</el>
          <el idx="220">w</el>
          <el idx="221">w</el>
          <el idx="222">p</el>
          <el idx="223">p</el>
          <el idx="224">p</el>
          <el idx="225">p</el>
          <el idx="226">w</el>
          <el idx="227">p</el>
          <el idx="228">w</el>
          <el idx="229">c</el>
          <el idx="230">w</el>
          <el idx="231">w</el>
          <el idx="232">w</el>
          <el idx="233">p</el>
          <el idx="234">p</el>
          <el idx="235">p</el>
          <el idx="236">w</el>
          <el idx="237">p</el>
          <el idx="238">w</el>
          <el idx="239">p</el>
          <el idx="240">w</el>
          <el idx="241">p</el>
          <el idx="242">w</el>
          <el idx="243">w</el>
          <el idx="244">w</el>
          <el idx="245">p</el>
          <el idx="246">w</el>
          <el idx="247">p</el>
          <el idx="248">t4</el>
          <el idx="249">p</el>
          <el idx="250">p</el>
          <el idx="251">p</el>
          <el idx="252">p</el>
          <el idx="253">p</el>
          <el idx="254">p</el>
          <el idx="255">p</el>
          <el idx="256">p</el>
          <el idx="257">w</el>
          <el idx="258">w</el>
          <el idx="259">w</el>
          <el idx="260">w</el>
          <el idx="261">w</el>
          <el idx="262">w</el>
          <el idx="263">p</el>
          <el idx="264">p</el>
          <el idx="265">p</el>
          <el idx="266">p</el>
          <el idx="267">p</el>
          <el idx="268">p</el>
          <el idx="269">c</el>
          <el idx="270">w</el>
          <el idx="271">p</el>
          <el idx="272">p</el>
          <el idx="273">h</el>
          <el idx="274">w</el>
          <el idx="275">w</el>
          <el idx="276">p</el>
          <el idx="277">w</el>
          <el idx="278">w</el>
          <el idx="279">p</el>
          <el idx="280">p</el>
          <el idx="281">w</el>
          <el idx="282">c</el>
          <el idx="283">w</el>
          <el idx="284">p</el>
          <el idx="285">h</el>
          <el idx="286">w</el>
          <el idx="287">p</el>
          <el idx="288">p</el>
          <el idx="289">w</el>
          <el idx="290">p</el>
          <el idx="291">w</el>
          <el idx="292">p</el>
          <el idx="293">w</el>
          <el idx="294">w</el>
          <el idx="295">p</el>
          <el idx="296">p</el>
          <el idx="297">w</el>
          <el idx="298">p</el>
          <el idx="299">w</el>
          <el idx="300">p</el>
          <el idx="301">t5</el>
          <el idx="302">w</el>
          <el idx="303">p</el>
          <el idx="304">p</el>
          <el idx="305">w</el>
          <el idx="306">p</el>
          <el idx="307">w</el>
          <el idx="308">w</el>
          <el idx="309">w</el>
          <el idx="310">w</el>
          <el idx="311">p</el>
          <el idx="312">p</el>
          <el idx="313">p</el>
          <el idx="314">p</el>
          <el idx="315">h</el>
          <el idx="316">p</el>
          <el idx="317">p</el>
          <el idx="318">p</el>
          <el idx="319">p</el>
          <el idx="320">w</el>
          <el idx="321">c</el>
          <el idx="322">w</el>
          <el idx="323">w</el>
          <el idx="324">w</el>
          <el idx="325">w</el>
          <el idx="326">t3</el>
          <el idx="327">w</el>
          <el idx="328">p</el>
          <el idx="329">p</el>
          <el idx="330">p</el>
          <el idx="331">p</el>
          <el idx="332">p</el>
          <el idx="333">p</el>
          <el idx="334">p</el>
          <el idx="335">p</el>
          <el idx="336">w</el>
          <el idx="337">p</el>
          <el idx="338">w</el>
          <el idx="339">w</el>
          <el idx="340">h</el>
          <el idx="341">w</el>
          <el idx="342">p</el>
          <el idx="343">w</el>
          <el idx="344">p</el>
          <el idx="345">p</el>
          <el idx="346">p</el>
          <el idx="347">p</el>
          <el idx="348">p</el>
          <el idx="349">p</el>
          <el idx="350">p</el>
          <el idx="351">p</el>
          <el idx="352">w</el>
          <el idx="353">p</el>
          <el idx="354">w</el>
          <el idx="355">p</el>
          <el idx="356">w</el>
          <el idx="357">w</el>
          <el idx="358">p</el>
          <el idx="359">w</el>
          <el idx="360">w</el>
          <el idx="361">p</el>
          <el idx="362">w</el>
          <el idx="363">p</el>
          <el idx="364">w</el>
          <el idx="365">w</el>
          <el idx="366">p</el>
          <el idx="367">w</el>
          <el idx="368">p</el>
          <el idx="369">p</el>
          <el idx="370">w</el>
          <el idx="371">p</el>
          <el idx="372">p</el>
          <el idx="373">p</el>
          <el idx="374">p</el>
          <el idx="375">c</el>
          <el idx="376">w</el>
          <el idx="377">p</el>
          <el idx="378">h</el>
          <el idx="379">p</el>
          <el idx="380">w</el>
          <el idx="381">w</el>
          <el idx="382">p</el>
          <el idx="383">w</el>
          <el idx="384">c</el>
          <el idx="385">p</el>
          <el idx="386">p</el>
          <el idx="387">p</el>
          <el idx="388">p</el>
          <el idx="389">p</el>
          <el idx="390">p</el>
          <el idx="391">p</el>
          <el idx="392">w</el>
          <el idx="393">w</el>
          <el idx="394">w</el>
          <el idx="395">p</el>
          <el idx="396">w</el>
          <el idx="397">w</el>
          <el idx="398">h</el>
          <el idx="399">w</el>
          <el idx="400">p</el>
          <el idx="401">h</el>
          <el idx="402">p</el>
          <el idx="403">p</el>
          <el idx="404">p</el>
          <el idx="405">p</el>
          <el idx="406">p</el>
          <el idx="407">p</el>
          <el idx="408">w</el>
          <el idx="409">p</el>
          <el idx="410">w</el>
          <el idx="411">p</el>
          <el idx="412">w</el>
          <el idx="413">w</el>
          <el idx="414">w</el>
          <el idx="415">w</el>
          <el idx="416">p</el>
          <el idx="417">p</el>
          <el idx="418">p</el>
          <el idx="419">p</el>
          <el idx="420">p</el>
          <el idx="421">p</el>
          <el idx="422">p</el>
          <el idx="423">p</el>
          <el idx="424">w</el>
          <el idx="425">w</el>
          <el idx="426">w</el>
          <el idx="427">p</el>
          <el idx="428">w</el>
          <el idx="429">p</el>
          <el idx="430">w</el>
          <el idx="431">w</el>
          <el idx="432">p</el>
          <el idx="433">p</el>
          <el idx="434">p</el>
          <el idx="435">p</el>
          <el idx="436">p</el>
          <el idx="437">p</el>
          <el idx="438">p</el>
          <el idx="439">p</el>
          <el idx="440">w</el>
          <el idx="441">c</el>
          <el idx="442">w</el>
          <el idx="443">h</el>
          <el idx="444">w</el>
          <el idx="445">w</el>
          <el idx="446">w</el>
          <el idx="447">t1</el>
          <el idx="448">p</el>
          <el idx="449">p</el>
          <el idx="450">p</el>
          <el idx="451">p</el>
          <el idx="452">p</el>
          <el idx="453">p</el>
          <el idx="454">p</el>
          <el idx="455">c</el>
          <el idx="456">p</el>
          <el idx="457">w</el>
          <el idx="458">w</el>
          <el idx="459">w</el>
          <el idx="460">w</el>
          <el idx="461">p</el>
          <el idx="462">w</el>
          <el idx="463">w</el>
          <el idx="464">p</el>
          <el idx="465">w</el>
          <el idx="466">w</el>
          <el idx="467">h</el>
          <el idx="468">w</el>
          <el idx="469">p</el>
          <el idx="470">w</el>
          <el idx="471">c</el>
          <el idx="472">p</el>
          <el idx="473">w</el>
          <el idx="474">p</el>
          <el idx="475">p</el>
          <el idx="476">p</el>
          <el idx="477">p</el>
          <el idx="478">w</el>
          <el idx="479">p</el>
          <el idx="480">p</el>
          <el idx="481">w</el>
          <el idx="482">p</el>
          <el idx="483">w</el>
          <el idx="484">w</el>
          <el idx="485">w</el>
          <el idx="486">w</el>
          <el idx="487">p</el>
          <el idx="488">p</el>
          <el idx="489">w</el>
          <el idx="490">p</el>
          <el idx="491">p</el>
          <el idx="492">p</el>
          <el idx="493">p</el>
          <el idx="494">p</el>
          <el idx="495">p</el>
          <el idx="496">p</el>
          <el idx="497">w</el>
          <el idx="498">w</el>
          <el idx="499">w</el>
          <el idx="500">w</el>
          <el idx="501">w</el>
          <el idx="502">w</el>
          <el idx="503">w</el>
          <el idx="504">p</el>
          <el idx="505">p</el>
          <el idx="506">p</el>
          <el idx="507">p</el>
          <el idx="508">p</el>
          <el idx="509">p</el>
          <el idx="510">p</el>
          <el idx="511">f</el>
     </matrix>
     <teleporters>7</teleporters>
     <destination>
          <teleporter id="0">
               <baris>4</baris>
               <kolom>3</kolom>
               <level>6</level>
          </teleporter>
          <teleporter id="1">
               <baris>0</baris>
               <kolom>0</kolom>
               <level>1</level>
          </teleporter>
          <teleporter id="2">
               <baris>6</baris>
               <kolom>1</kolom>
               <level>5</level>
          </teleporter>
          <teleporter id="3">
               <baris>3</baris>
               <kolom>6</kolom>
               <level>3</level>
          </teleporter>
          <teleporter id="4">
               <baris>0</baris>
               <kolom>0</kolom>
               <level>4</level>
          </teleporter>
          <teleporter id="5">
               <baris>3</baris>
               <kolom>3</kolom>
               <level>2</level>
          </teleporter>
          <teleporter id="6">
               <baris>5</baris>
               <kolom>7</kolom>
               <level>7</level>
          </teleporter>
     </destination>
</map>
